,slide_id
0,V0001_576_538_146
1,V0002_576_490_168
2,V0003_576_529_19
3,V0004_576_521_172
4,V0005_576_560_160
5,V0006_576_439_131
6,V0007_576_508_138
7,V0008_576_498_133
8,V0009_576_526_151
9,V0010_576_475_150
10,V0011_576_538_215
11,V0012_576_549_197
12,V0013_576_553_35
13,V0014_576_511_47
14,V0015_576_512_206
15,V0016_576_517_1
16,V0017_576_524_3
17,V0018_576_481_208
18,V0019_576_555_169
19,V0020_576_523_143
20,V0021_576_455_123
21,V0022_576_440_0
22,V0023_576_512_185
23,V0024_576_437_172
24,V0025_576_501_14
25,V0026_576_494_230
26,V0027_576_450_160
27,V0028_576_496_156
28,V0029_576_481_158
29,V0030_576_513_191
30,V0031_576_486_137
31,V0032_576_453_146
32,V0033_576_481_199
33,V0034_576_537_145
34,V0035_576_596_134
35,V0036_576_461_9
36,V0037_576_454_1
37,V0038_576_485_184
38,V0039_576_494_154
39,V0040_576_506_167
40,V0041_576_482_0
41,V0042_576_453_269
42,V0043_576_554_193
43,V0044_576_490_108
44,V0045_576_517_231
45,V0046_576_456_209
46,V0047_576_538_158
47,V0048_576_509_147
48,V0049_576_558_135
49,V0050_576_494_185
50,V0051_576_510_173
51,V0052_576_484_126
52,V0053_576_508_122
53,V0054_576_500_226
54,V0055_576_484_175
55,V0056_576_547_171
56,V0057_576_497_229
57,V0058_576_562_0
58,V0059_576_511_181
59,V0060_576_445_174
60,V0061_576_556_116
61,V0062_576_550_152
62,V0063_576_518_203
63,V0064_576_538_176
64,V0065_576_442_0
65,V0066_576_476_168
66,V0067_576_501_150
67,V0068_576_472_187
68,V0069_576_481_249
69,V0070_576_472_175
70,V0071_576_571_177
71,V0072_576_512_150
72,V0073_576_499_152
73,V0074_576_548_178
74,V0075_576_441_174
75,V0076_576_459_0
76,V0077_576_383_17
77,V0078_576_549_155
78,V0079_576_511_113
79,V0080_576_532_176
80,V0081_576_512_246
81,V0082_576_506_265
82,V0083_576_448_221
83,V0084_576_504_162
84,V0085_576_451_194
85,V0086_576_509_117
86,V0087_576_480_149
87,V0088_576_469_148
88,V0089_576_486_129
89,V0090_576_504_182
90,V0091_576_528_241
91,V0092_576_490_23
92,V0093_576_524_182
93,V0094_576_437_179
94,V0095_576_521_0
95,V0096_576_465_190
96,V0097_576_457_199
97,V0098_576_457_137
98,V0099_576_518_141
99,V0100_576_462_186
100,V0101_576_503_18
101,V0102_576_514_195
102,V0103_576_460_0
103,V0104_576_477_168
104,V0105_576_552_38
105,V0106_576_440_105
106,V0107_576_498_142
107,V0108_576_487_232
108,V0109_576_519_161
109,V0110_576_532_148
110,V0111_576_533_159
111,V0112_576_493_19
112,V0113_576_565_218
113,V0114_576_506_159
114,V0115_576_468_157
115,V0116_576_462_0
116,V0117_576_524_221
117,V0118_576_556_139
118,V0119_576_495_155
119,V0120_576_496_202
120,V0121_576_451_169
121,V0122_576_532_222
122,V0123_576_460_0
123,V0124_576_500_185
124,V0125_576_477_160
125,V0126_576_442_0
126,V0127_576_572_20
127,V0128_576_445_0
128,V0129_576_480_85
129,V0130_576_509_18
130,V0131_576_534_39
131,V0132_576_524_194
132,V0133_576_505_160
133,V0134_576_491_167
134,V0135_576_505_281
135,V0136_576_588_183
136,V0137_576_499_217
137,V0138_576_574_0
138,V0139_576_518_181
139,V0140_576_510_154
140,V0141_576_475_133
141,V0142_576_488_191
142,V0143_576_499_143
143,V0144_576_467_192
144,V0145_576_450_123
145,V0146_576_435_189
146,V0147_576_516_248
147,V0148_576_531_200
148,V0149_576_506_247
149,V0150_576_504_0
150,V0151_576_527_192
151,V0152_576_500_163
152,V0153_576_496_134
153,V0154_576_434_0
154,V0155_576_503_0
155,V0156_576_503_197
156,V0157_576_469_175
157,V0158_576_527_225
158,V0159_576_563_130
159,V0160_576_492_223
160,V0161_576_477_160
161,V0162_576_489_0
162,V0163_576_492_188
163,V0164_576_469_158
164,V0165_576_482_197
165,V0166_576_486_217
166,V0167_576_476_0
167,V0168_576_505_235
168,V0169_576_492_123
169,V0170_576_527_146
170,V0171_576_442_41
171,V0172_576_456_130
172,V0173_576_501_217
173,V0174_576_514_180
174,V0175_576_462_210
175,V0176_576_521_250
176,V0177_576_479_177
177,V0178_576_455_184
178,V0179_576_484_120
179,V0180_576_518_134
180,V0181_576_501_179
181,V0182_576_479_206
182,V0183_576_592_155
183,V0184_576_523_0
184,V0185_576_509_146
185,V0186_576_512_226
186,V0187_576_465_172
187,V0188_576_446_162
188,V0189_576_511_128
189,V0190_576_509_200
190,V0191_576_461_123
191,V0192_576_501_35
192,V0193_576_394_0
193,V0194_576_523_127
194,V0195_576_494_154
195,V0196_576_451_136
196,V0197_576_497_166
197,V0198_576_496_192
198,V0199_576_545_134
199,V0200_576_476_198
200,V0201_576_529_201
201,V0202_576_500_187
202,V0203_576_429_175
203,V0204_576_480_159
204,V0205_576_530_249
205,V0206_576_553_281
206,V0207_576_494_90
207,V0208_576_513_178
208,V0209_576_441_170
209,V0210_576_461_0
210,V0211_576_551_146
211,V0212_576_524_159
212,V0213_576_522_0
213,V0214_576_477_205
214,V0215_576_406_38
215,V0216_576_501_62
216,V0217_576_553_0
217,V0218_576_527_242
218,V0219_576_463_56
219,V0220_576_483_130
220,V0221_576_510_169
221,V0222_576_524_129
222,V0223_576_534_121
223,V0224_576_462_1
224,V0225_576_527_154
225,V0226_576_513_142
226,V0227_576_454_157
227,V0228_576_559_168
228,V0229_576_425_12
229,V0230_576_511_116
230,V0231_576_464_204
231,V0232_576_537_181
232,V0233_576_514_149
233,V0234_576_535_0
234,V0235_576_507_204
235,V0236_576_461_105
236,V0237_576_477_152
237,V0238_576_506_147
238,V0239_576_528_175
239,V0240_576_481_0
240,V0241_576_450_0
241,V0242_576_489_242
242,V0243_576_525_68
243,V0244_576_484_69
244,V0245_576_532_0
245,V0246_576_533_237
246,V0247_576_498_165
247,V0248_576_521_208
248,V0249_576_487_91
249,V0250_576_533_109
250,V0251_576_530_46
251,V0252_576_453_91
252,V0253_576_429_188
253,V0254_576_511_222
254,V0255_576_510_155
255,V0256_576_526_174
256,V0257_576_476_113
257,V0258_576_444_105
258,V0259_576_511_207
259,V0260_576_477_195
260,V0261_576_426_192
261,V0262_576_560_188
262,V0263_576_511_199
263,V0264_576_526_180
264,V0265_576_532_205
265,V0266_576_513_135
266,V0267_576_545_105
267,V0268_576_526_220
268,V0269_576_424_96
269,V0270_576_491_209
270,V0271_576_562_161
271,V0272_576_516_1
272,V0273_576_452_190
273,V0274_576_533_10
274,V0275_576_470_151
275,V0276_576_507_206
276,V0277_576_558_176
277,V0278_576_515_4
278,V0279_576_572_114
279,V0280_576_492_136
280,V0281_576_532_112
281,V0282_576_504_159
282,V0283_576_478_30
283,V0284_576_447_20
284,V0285_576_519_179
285,V0286_576_568_158
286,V0287_576_530_13
287,V0288_576_509_140
288,V0289_576_533_0
289,V0290_576_526_233
290,V0291_576_502_220
291,V0292_576_336_0
292,V0293_576_504_131
293,V0294_576_505_160
294,V0295_576_481_269
295,V0296_576_491_121
296,V0297_576_554_198
297,V0298_576_457_0
298,V0299_576_516_186
299,V0300_576_480_204
300,V0301_576_504_132
301,V0302_576_530_28
302,V0303_576_436_198
303,V0304_576_521_72
304,V0305_576_572_0
305,V0306_576_472_136
306,V0307_576_459_173
307,V0308_576_437_21
308,V0309_576_505_154
309,V0310_576_526_0
310,V0311_576_532_44
311,V0312_576_489_0
312,V0313_576_494_143
313,V0314_576_453_186
314,V0315_576_479_116
315,V0316_576_353_0
316,V0317_576_476_0
317,V0318_576_470_27
318,V0319_576_474_129
319,V0320_576_554_228
320,V0321_576_530_207
321,V0322_576_494_203
322,V0323_576_462_225
323,V0324_576_500_189
324,V0325_576_521_0
325,V0326_576_500_125
326,V0327_576_469_197
327,V0328_576_511_98
328,V0329_576_480_156
329,V0330_576_469_135
330,V0331_576_449_151
331,V0332_576_472_141
332,V0333_576_508_223
333,V0334_576_495_163
334,V0335_576_446_171
335,V0336_576_465_121
336,V0337_576_485_192
337,V0338_576_440_0
338,V0339_576_480_223
339,V0340_576_535_130
340,V0341_576_532_179
341,V0342_576_438_160
342,V0343_576_508_189
343,V0344_576_446_0
344,V0345_576_511_169
345,V0346_576_493_167
346,V0347_576_490_197
347,V0348_576_550_161
348,V0349_576_514_0
349,V0350_576_509_205
350,V0351_576_486_157
351,V0352_576_531_181
352,V0353_576_486_157
353,V0354_576_460_128
354,V0355_576_569_213
355,V0356_576_525_51
356,V0357_576_466_137
357,V0358_576_498_116
358,V0359_576_481_21
359,V0360_576_513_210
360,V0361_576_512_77
361,V0362_576_518_235
362,V0363_576_507_0
363,V0364_576_453_180
364,V0365_576_478_149
365,V0366_576_519_185
366,V0367_576_515_151
367,V0368_576_549_189
368,V0369_576_452_186
369,V0370_576_472_157
370,V0371_576_541_0
371,V0372_576_530_173
372,V0373_576_532_220
373,V0374_576_495_124
374,V0375_576_501_147
375,V0376_576_515_121
376,V0377_576_551_129
377,V0378_576_503_149
378,V0379_576_501_194
379,V0380_576_449_155
380,V0381_576_522_163
381,V0382_576_491_137
382,V0383_576_426_175
383,V0384_576_505_155
384,V0385_576_488_185
385,V0386_576_572_168
386,V0387_576_495_184
387,V0388_576_498_54
388,V0389_576_527_0
389,V0390_576_546_50
390,V0391_576_465_182
391,V0392_576_490_191
392,V0393_576_497_203
393,V0394_576_566_0
394,V0395_576_518_169
395,V0396_576_517_272
396,V0397_576_460_188
397,V0398_576_533_221
398,V0399_576_534_145
399,V0400_576_515_0
400,g0001_576_597_0
401,g0002_576_689_39
402,g0003_576_634_49
403,g0004_576_661_56
404,g0005_576_701_0
405,g0006_576_755_92
406,g0007_576_745_27
407,g0008_576_705_90
408,g0009_576_766_158
409,g0010_576_657_179
410,g0011_576_559_0
411,g0012_576_701_44
412,g0013_576_709_0
413,g0014_576_634_90
414,g0015_576_584_128
415,g0016_576_634_36
416,g0017_576_586_0
417,g0018_576_811_0
418,g0019_576_683_55
419,g0020_576_667_56
420,g0021_576_716_81
421,g0022_576_651_278
422,g0023_576_624_422
423,g0024_576_850_0
424,g0025_576_783_175
425,g0026_576_750_177
426,g0027_576_621_0
427,g0028_576_684_115
428,g0029_576_738_128
429,g0030_576_675_14
430,g0031_576_711_0
431,g0032_576_746_86
432,g0033_576_699_58
433,g0034_576_648_0
434,g0035_576_705_63
435,g0036_576_670_133
436,g0037_576_624_78
437,g0038_576_596_55
438,g0039_576_714_23
439,g0040_576_602_83
440,n0001_576_712_18
441,n0002_576_766_126
442,n0003_576_685_206
443,n0004_576_645_0
444,n0005_576_697_0
445,n0006_576_675_125
446,n0007_576_695_27
447,n0008_576_731_0
448,n0009_576_718_64
449,n0010_576_577_0
450,n0011_576_533_239
451,n0012_576_459_177
452,n0013_576_732_0
453,n0014_576_671_40
454,n0015_576_605_0
455,n0016_576_632_81
456,n0017_576_784_150
457,n0018_576_623_146
458,n0019_576_614_36
459,n0020_576_686_0
460,n0021_576_619_4
461,n0022_576_615_0
462,n0023_576_741_0
463,n0024_576_636_0
464,n0025_576_667_0
465,n0026_576_682_0
466,n0027_576_668_0
467,n0028_576_620_0
468,n0029_576_626_0
469,n0030_576_412_90
470,n0031_576_833_29
471,n0032_576_707_0
472,n0033_576_680_0
473,n0034_576_669_0
474,n0035_576_609_94
475,n0036_576_660_0
476,n0037_576_625_173
477,n0038_576_724_0
478,n0039_576_655_14
479,n0040_576_656_0
480,n0041_576_576_67
481,n0042_576_791_0
482,n0043_576_675_0
483,n0044_576_671_0
484,n0045_576_590_159
485,n0046_576_585_102
486,n0047_576_693_0
487,n0048_576_731_0
488,n0049_576_695_0
489,n0050_576_600_0
490,n0051_576_718_318
491,n0052_576_707_16
492,n0053_576_689_0
493,n0054_576_620_0
494,n0055_576_572_78
495,n0056_576_596_61
496,n0057_576_704_0
497,n0058_576_672_0
498,n0059_576_670_17
499,n0060_576_594_0
500,n0061_576_654_0
501,n0062_576_631_0
502,n0063_576_684_35
503,n0064_576_597_65
504,n0065_576_753_183
505,n0066_576_683_89
506,n0067_576_642_0
507,n0068_576_608_0
508,n0069_576_638_0
509,n0070_576_687_42
510,n0071_576_631_18
511,n0072_576_611_24
512,n0073_576_638_104
513,n0074_576_632_0
514,n0075_576_731_0
515,n0076_576_691_45
516,n0077_576_642_11
517,n0078_576_644_111
518,n0079_576_730_0
519,n0080_576_705_215
520,n0081_576_750_360
521,n0082_576_823_110
522,n0083_576_727_141
523,n0084_576_687_311
524,n0085_576_621_0
525,n0086_576_614_0
526,n0087_576_756_225
527,n0088_576_722_176
528,n0089_576_745_162
529,n0090_576_684_166
530,n0091_576_631_0
531,n0092_576_559_66
532,n0093_576_598_215
533,n0094_576_630_0
534,n0095_576_573_13
535,n0096_576_712_247
536,n0097_576_674_219
537,n0098_576_592_1
538,n0099_576_592_0
539,n0100_576_677_22
540,n0101_576_620_0
541,n0102_576_708_0
542,n0103_576_651_165
543,n0104_576_514_116
544,n0105_576_674_30
545,n0106_576_635_237
546,n0107_576_703_318
547,n0108_576_644_127
548,n0109_576_676_45
549,n0110_576_675_0
550,n0111_576_767_64
551,n0112_576_685_0
552,n0113_576_668_227
553,n0114_576_641_245
554,n0115_576_637_179
555,n0116_576_671_260
556,n0117_576_560_172
557,n0118_576_688_0
558,n0119_576_681_156
559,n0120_576_689_221
560,n0121_576_831_314
561,n0122_576_698_238
562,n0123_576_678_123
563,n0124_576_654_28
564,n0125_576_726_84
565,n0126_576_672_147
566,n0127_576_725_151
567,n0128_576_697_170
568,n0129_576_659_0
569,n0130_576_585_92
570,n0131_576_820_139
571,n0132_576_603_122
572,n0133_576_499_292
573,n0134_576_551_228
574,n0135_576_660_217
575,n0136_576_604_82
576,n0137_576_582_0
577,n0138_576_624_0
578,n0139_576_761_19
579,n0140_576_698_165
580,n0141_576_651_184
581,n0142_576_755_239
582,n0143_576_643_0
583,n0144_576_539_44
584,n0145_576_636_6
585,n0146_576_689_191
586,n0147_576_647_0
587,n0148_576_729_55
588,n0149_576_693_121
589,n0150_576_534_0
590,n0151_576_643_0
591,n0152_576_636_32
592,n0153_576_703_0
593,n0154_576_794_229
594,n0155_576_772_243
595,n0156_576_739_32
596,n0157_576_577_42
597,n0158_576_644_16
598,n0159_576_700_156
599,n0160_576_683_84
600,n0161_576_817_101
601,n0162_576_622_0
602,n0163_576_650_0
603,n0164_576_729_223
604,n0165_576_427_0
605,n0166_576_667_111
606,n0167_576_640_154
607,n0168_576_653_0
608,n0169_576_553_20
609,n0170_576_649_39
610,n0171_576_685_10
611,n0172_576_665_120
612,n0173_576_672_0
613,n0174_576_627_16
614,n0175_576_610_122
615,n0176_576_732_33
616,n0177_576_694_49
617,n0178_576_686_57
618,n0179_576_753_0
619,n0180_576_699_39
620,n0181_576_668_0
621,n0182_576_586_116
622,n0183_576_639_131
623,n0184_576_645_179
624,n0185_576_683_228
625,n0186_576_701_83
626,n0187_576_659_146
627,n0188_576_662_95
628,n0189_576_699_89
629,n0190_576_585_0
630,n0191_576_733_18
631,n0192_576_747_0
632,n0193_576_674_0
633,n0194_576_641_11
634,n0195_576_658_41
635,n0196_576_702_0
636,n0197_576_641_0
637,n0198_576_639_0
638,n0199_576_615_17
639,n0200_576_566_0
640,n0201_576_676_0
641,n0202_576_509_0
642,n0203_576_595_32
643,n0204_576_734_0
644,n0205_576_635_17
645,n0206_576_674_29
646,n0207_576_786_0
647,n0208_576_683_16
648,n0209_576_633_102
649,n0210_576_652_192
650,n0211_576_654_40
651,n0212_576_677_54
652,n0213_576_683_161
653,n0214_576_722_122
654,n0215_576_689_124
655,n0216_576_664_73
656,n0217_576_757_60
657,n0218_576_576_0
658,n0219_576_692_0
659,n0220_576_703_233
660,n0221_576_592_0
661,n0222_576_706_10
662,n0223_576_720_57
663,n0224_576_521_126
664,n0225_576_664_0
665,n0226_576_736_14
666,n0227_576_655_118
667,n0228_576_610_68
668,n0229_576_656_0
669,n0230_576_652_0
670,n0231_576_632_26
671,n0232_576_585_0
672,n0233_576_690_77
673,n0234_576_672_3
674,n0235_576_659_53
675,n0236_576_617_0
676,n0237_576_623_0
677,n0238_576_672_151
678,n0239_576_690_47
679,n0240_576_709_6
680,n0241_576_680_41
681,n0242_576_557_149
682,n0243_576_632_0
683,n0244_576_670_9
684,n0245_576_623_0
685,n0246_576_711_0
686,n0247_576_602_0
687,n0248_576_646_0
688,n0249_576_699_0
689,n0250_576_595_0
690,n0251_576_610_26
691,n0252_576_659_0
692,n0253_576_591_13
693,n0254_576_758_98
694,n0255_576_769_317
695,n0256_576_589_0
696,n0257_576_649_219
697,n0258_576_691_214
698,n0259_576_666_94
699,n0260_576_517_0
700,n0261_576_603_50
701,n0262_576_601_179
702,n0263_576_605_165
703,n0264_576_693_218
704,n0265_576_555_256
705,n0266_576_616_103
706,n0267_576_777_0
707,n0268_576_652_40
708,n0269_576_657_138
709,n0270_576_520_218
710,n0271_576_569_0
711,n0272_576_562_73
712,n0273_576_673_0
713,n0274_576_615_180
714,n0275_576_639_0
715,n0276_576_551_64
716,n0277_576_653_6
717,n0278_576_650_0
718,n0279_576_611_0
719,n0280_576_741_0
720,n0281_576_628_0
721,n0282_576_768_0
722,n0283_576_757_116
723,n0284_576_563_153
724,n0285_576_507_70
725,n0286_576_732_15
726,n0287_576_658_51
727,n0288_576_728_64
728,n0289_576_721_125
729,n0290_576_631_205
730,n0291_576_604_238
731,n0292_576_686_203
732,n0293_576_692_38
733,n0294_576_640_185
734,n0295_576_643_15
735,n0296_576_594_0
736,n0297_576_565_0
737,n0298_576_571_90
738,n0299_576_622_47
739,n0300_576_632_0
740,n0301_576_643_0
741,n0302_576_666_57
742,n0303_576_594_243
743,n0304_576_608_0
744,n0305_576_704_0
745,n0306_576_723_0
746,n0307_576_632_0
747,n0308_576_619_0
748,n0309_576_750_0
749,n0310_576_691_0
750,n0311_576_641_3
751,n0312_576_712_0
752,n0313_576_656_0
753,n0314_576_743_83
754,n0315_576_681_87
755,n0316_576_663_18
756,n0317_576_660_0
757,n0318_576_727_0
758,n0319_576_677_7
759,n0320_576_532_111
760,n0321_576_566_65
761,n0322_576_647_0
762,n0323_576_724_25
763,n0324_576_696_0
764,n0325_576_682_0
765,n0326_576_724_0
766,n0327_576_685_14
767,n0328_576_668_43
768,n0329_576_753_0
769,n0330_576_715_142
770,n0331_576_744_108
771,n0332_576_735_150
772,n0333_576_777_171
773,n0334_576_637_0
774,n0335_576_598_0
775,n0336_576_644_114
776,n0337_576_621_0
777,n0338_576_652_185
778,n0339_576_676_26
779,n0340_576_664_84
780,n0341_576_792_278
781,n0342_576_711_0
782,n0343_576_605_83
783,n0344_576_634_39
784,n0345_576_608_123
785,n0346_576_678_4
786,n0347_576_689_91
787,n0348_576_830_87
788,n0349_576_663_0
789,n0350_576_654_0
790,n0351_576_662_0
791,n0352_576_689_81
792,n0353_576_690_161
793,n0354_576_599_118
794,n0355_576_719_90
795,n0356_576_635_85
796,n0357_576_658_15
797,n0358_576_667_131
798,n0359_576_692_190
799,n0360_576_788_161
800,T0001_576_480_169
801,T0002_576_413_153
802,T0003_576_463_133
803,T0004_576_527_166
804,T0005_576_433_139
805,T0006_576_554_194
806,T0007_576_504_112
807,T0008_576_491_113
808,T0009_576_564_204
809,T0010_576_460_149
810,T0011_576_507_205
811,T0012_576_511_170
812,T0013_576_503_13
813,T0014_576_488_185
814,T0015_576_488_195
815,T0016_576_495_205
816,T0017_576_511_208
817,T0018_576_539_219
818,T0019_576_491_220
819,T0020_576_487_85
820,T0021_576_486_175
821,T0022_576_486_72
822,T0023_576_506_83
823,T0024_576_469_107
824,T0025_576_477_46
825,T0026_576_589_0
826,T0027_576_542_120
827,T0028_576_497_186
828,T0029_576_486_147
829,T0030_576_558_187
830,T0031_576_515_203
831,T0032_576_508_205
832,T0033_576_470_164
833,T0034_576_473_202
834,T0035_576_519_140
835,T0036_576_508_189
836,T0037_576_493_0
837,T0038_576_491_253
838,T0039_576_512_208
839,T0040_576_542_141
840,T0041_576_530_183
841,T0042_576_468_191
842,T0043_576_518_211
843,T0044_576_474_187
844,T0045_576_544_222
845,T0046_576_426_81
846,T0047_576_534_16
847,T0048_576_512_104
848,T0049_576_473_54
849,T0050_576_514_152
850,T0051_576_468_176
851,T0052_576_512_191
852,T0053_576_497_265
853,T0054_576_463_167
854,T0055_576_464_0
855,T0056_576_548_127
856,T0057_576_517_0
857,T0058_576_456_127
858,T0059_576_434_208
859,T0060_576_524_180
860,T0061_576_540_163
861,T0062_576_521_25
862,T0063_576_503_120
863,T0064_576_505_230
864,T0065_576_545_149
865,T0066_576_484_0
866,T0067_576_458_64
867,T0068_576_513_139
868,T0069_576_544_164
869,T0070_576_546_177
870,T0071_576_522_41
871,T0072_576_488_219
872,T0073_576_440_139
873,T0074_576_512_177
874,T0075_576_495_179
875,T0076_576_471_198
876,T0077_576_477_208
877,T0078_576_523_177
878,T0079_576_450_43
879,T0080_576_493_160
880,T0081_576_512_0
881,T0082_576_490_160
882,T0083_576_487_0
883,T0084_576_515_190
884,T0085_576_513_167
885,T0086_576_557_215
886,T0087_576_481_210
887,T0088_576_475_199
888,T0089_576_580_210
889,T0090_576_533_202
890,T0091_576_502_64
891,T0092_576_467_185
892,T0093_576_515_0
893,T0094_576_468_28
894,T0095_576_511_195
895,T0096_576_549_178
896,T0097_576_528_126
897,T0098_576_481_165
898,T0099_576_462_146
899,T0100_576_502_118
900,T0101_576_494_170
901,T0102_576_421_0
902,T0103_576_503_116
903,T0104_576_524_173
904,T0105_576_488_0
905,T0106_576_519_168
906,T0107_576_505_165
907,T0108_576_540_194
908,T0109_576_502_207
909,T0110_576_499_93
910,T0111_576_505_177
911,T0112_576_534_201
912,T0113_576_504_99
913,T0114_576_404_185
914,T0115_576_543_223
915,T0116_576_535_168
916,T0117_576_441_164
917,T0118_576_495_219
918,T0119_576_531_186
919,T0120_576_470_176
920,T0121_576_525_213
921,T0122_576_416_153
922,T0123_576_430_77
923,T0124_576_492_52
924,T0125_576_521_212
925,T0126_576_521_177
926,T0127_576_522_0
927,T0128_576_511_137
928,T0129_576_499_129
929,T0130_576_497_204
930,T0131_576_470_110
931,T0132_576_484_0
932,T0133_576_507_0
933,T0134_576_493_172
934,T0135_576_468_263
935,T0136_576_486_133
936,T0137_576_553_0
937,T0138_576_479_155
938,T0139_576_504_208
939,T0140_576_489_150
940,T0141_576_412_192
941,T0142_576_483_148
942,T0143_576_499_7
943,T0144_576_436_4
944,T0145_576_480_144
945,T0146_576_515_151
946,T0147_576_516_178
947,T0148_576_451_31
948,T0149_576_521_178
949,T0150_576_508_0
950,T0151_576_494_195
951,T0152_576_589_156
952,T0153_576_516_92
953,T0154_576_454_164
954,T0155_576_483_0
955,T0156_576_518_246
956,T0157_576_492_177
957,T0158_576_497_210
958,T0159_576_449_197
959,T0160_576_477_3
960,T0161_576_511_0
961,T0162_576_504_74
962,T0163_576_471_154
963,T0164_576_517_15
964,T0165_576_509_39
965,T0166_576_518_154
966,T0167_576_473_219
967,T0168_576_420_187
968,T0169_576_507_236
969,T0170_576_544_43
970,T0171_576_513_202
971,T0172_576_484_168
972,T0173_576_560_95
973,T0174_576_508_0
974,T0175_576_513_148
975,T0176_576_456_223
976,T0177_576_602_217
977,T0178_576_491_196
978,T0179_576_522_0
979,T0180_576_491_202
980,T0181_576_530_153
981,T0182_576_495_179
982,T0183_576_506_0
983,T0184_576_452_228
984,T0185_576_544_187
985,T0186_576_558_166
986,T0187_576_473_149
987,T0188_576_500_119
988,T0189_576_591_175
989,T0190_576_481_183
990,T0191_576_504_220
991,T0192_576_472_29
992,T0193_576_510_182
993,T0194_576_478_0
994,T0195_576_540_118
995,T0196_576_510_167
996,T0197_576_501_218
997,T0198_576_511_91
998,T0199_576_593_0
999,T0200_576_521_0
1000,T0201_576_485_146
1001,T0202_576_430_0
1002,T0203_576_508_147
1003,T0204_576_545_152
1004,T0205_576_477_213
1005,T0206_576_514_195
1006,T0207_576_476_173
1007,T0208_576_473_48
1008,T0209_576_478_31
1009,T0210_576_496_0
1010,T0211_576_524_84
1011,T0212_576_480_228
1012,T0213_576_492_182
1013,T0214_576_474_128
1014,T0215_576_547_150
1015,T0216_576_485_184
1016,T0217_576_446_94
1017,T0218_576_508_38
1018,T0219_576_495_121
1019,T0220_576_470_181
1020,T0221_576_493_129
1021,T0222_576_578_128
1022,T0223_576_463_87
1023,T0224_576_532_201
1024,T0225_576_480_184
1025,T0226_576_482_0
1026,T0227_576_541_218
1027,T0228_576_527_138
1028,T0229_576_498_158
1029,T0230_576_493_155
1030,T0231_576_467_203
1031,T0232_576_488_174
1032,T0233_576_584_196
1033,T0234_576_561_179
1034,T0235_576_554_119
1035,T0236_576_548_198
1036,T0237_576_530_143
1037,T0238_576_507_37
1038,T0239_576_508_187
1039,T0240_576_537_159
1040,T0241_576_545_173
1041,T0242_576_530_181
1042,T0243_576_512_5
1043,T0244_576_520_107
1044,T0245_576_523_139
1045,T0246_576_520_156
1046,T0247_576_520_177
1047,T0248_576_500_0
1048,T0249_576_581_181
1049,T0250_576_470_207
1050,T0251_576_496_201
1051,T0252_576_520_118
1052,T0253_576_479_133
1053,T0254_576_445_184
1054,T0255_576_422_187
1055,T0256_576_527_188
1056,T0257_576_401_0
1057,T0258_576_537_124
1058,T0259_576_457_233
1059,T0260_576_511_158
1060,T0261_576_559_138
1061,T0262_576_560_215
1062,T0263_576_518_132
1063,T0264_576_524_186
1064,T0265_576_474_241
1065,T0266_576_502_202
1066,T0267_576_497_205
1067,T0268_576_537_163
1068,T0269_576_499_210
1069,T0270_576_519_163
1070,T0271_576_499_240
1071,T0272_576_474_157
1072,T0273_576_516_158
1073,T0274_576_519_131
1074,T0275_576_521_222
1075,T0276_576_499_0
1076,T0277_576_527_175
1077,T0278_576_474_152
1078,T0279_576_532_139
1079,T0280_576_470_0
1080,T0281_576_341_0
1081,T0282_576_522_26
1082,T0283_576_568_180
1083,T0284_576_483_19
1084,T0285_576_497_87
1085,T0286_576_497_233
1086,T0287_576_546_184
1087,T0288_576_507_166
1088,T0289_576_529_181
1089,T0290_576_470_133
1090,T0291_576_489_44
1091,T0292_576_512_129
1092,T0293_576_499_184
1093,T0294_576_465_143
1094,T0295_576_461_0
1095,T0296_576_492_57
1096,T0297_576_565_211
1097,T0298_576_470_157
1098,T0299_576_451_226
1099,T0300_576_468_144
1100,T0301_576_490_12
1101,T0302_576_541_129
1102,T0303_576_481_11
1103,T0304_576_549_117
1104,T0305_576_513_37
1105,T0306_576_553_230
1106,T0307_576_490_163
1107,T0308_576_563_144
1108,T0309_576_442_192
1109,T0310_576_493_146
1110,T0311_576_440_177
1111,T0312_576_457_112
1112,T0313_576_504_241
1113,T0314_576_440_177
1114,T0315_576_497_149
1115,T0316_576_498_193
1116,T0317_576_550_220
1117,T0318_576_438_135
1118,T0319_576_440_196
1119,T0320_576_470_0
1120,T0321_576_488_3
1121,T0322_576_457_255
1122,T0323_576_468_156
1123,T0324_576_511_48
1124,T0325_576_527_188
1125,T0326_576_490_0
1126,T0327_576_563_190
1127,T0328_576_474_154
1128,T0329_576_430_178
1129,T0330_576_466_174
1130,T0331_576_465_157
1131,T0332_576_554_104
1132,T0333_576_489_230
1133,T0334_576_443_184
1134,T0335_576_503_124
1135,T0336_576_519_196
1136,T0337_576_466_197
1137,T0338_576_509_192
1138,T0339_576_584_10
1139,T0340_576_474_81
1140,T0341_576_484_182
1141,T0342_576_475_231
1142,T0343_576_449_147
1143,T0344_576_444_0
1144,T0345_576_475_143
1145,T0346_576_487_105
1146,T0347_576_496_121
1147,T0348_576_454_205
1148,T0349_576_558_38
1149,T0350_576_499_151
1150,T0351_576_535_156
1151,T0352_576_556_148
1152,T0353_576_615_32
1153,T0354_576_566_167
1154,T0355_576_461_177
1155,T0356_576_480_155
1156,T0357_576_497_217
1157,T0358_576_415_0
1158,T0359_576_465_0
1159,T0360_576_435_42
1160,T0361_576_510_171
1161,T0362_576_464_6
1162,T0363_576_478_206
1163,T0364_576_465_195
1164,T0365_576_554_168
1165,T0366_576_504_0
1166,T0367_576_549_123
1167,T0368_576_475_185
1168,T0369_576_494_172
1169,T0370_576_473_235
1170,T0371_576_452_152
1171,T0372_576_486_242
1172,T0373_576_466_0
1173,T0374_576_481_210
1174,T0375_576_501_158
1175,T0376_576_547_0
1176,T0377_576_453_206
1177,T0378_576_481_191
1178,T0379_576_547_5
1179,T0380_576_493_217
1180,T0381_576_492_1
1181,T0382_576_524_209
1182,T0383_576_422_192
1183,T0384_576_462_152
1184,T0385_576_557_187
1185,T0386_576_482_120
1186,T0387_576_495_174
1187,T0388_576_514_126
1188,T0389_576_443_153
1189,T0390_576_480_149
1190,T0391_576_544_235
1191,T0392_576_504_197
1192,T0393_576_420_220
1193,T0394_576_521_185
1194,T0395_576_465_254
1195,T0396_576_512_0
1196,T0397_576_471_285
1197,T0398_576_511_132
1198,T0399_576_468_207
1199,T0400_576_492_141